case,family,status,nodes,physical_edges,monitors,horizon,failures,k,compiled_nodes,compiled_edges,selected,optimal_cost,dual_value,flow_value,overflow,all_monitor_count,lp_objective,rounding_alpha,greedy_cost,degree_cost,producer_ms,checker_ms,certificate_bytes,exact_oracle,accepted
T000,Tiny,optimal,9,12,7,4,0,1,45,49,1,12,12,12,0,,12.000000000,0.500000000,12,18,6.032341,0.225555,1070,yes,yes
T001,Tiny,optimal,8,8,6,5,1,2,40,42,2,30,30,16,2,,30.000000000,0.500000000,42,52,4.119003,0.222791,1595,yes,yes
T002,Tiny,optimal,13,17,10,6,2,3,64,72,3,39,39,15,6,,39.000000000,0.500000000,58,78,4.808105,0.207438,1764,yes,yes
T003,Tiny,optimal,15,20,10,7,0,1,72,83,1,10,10,10,0,,10.000000000,0.500000000,23,32,4.973649,0.225896,1885,yes,yes
T004,Tiny,optimal,8,10,6,4,1,2,40,45,2,30,30,19,8,,30.000000000,0.500000000,61,61,3.149093,0.146658,1440,yes,yes
T005,Tiny,optimal,11,15,9,5,2,3,55,60,3,57,57,21,6,,57.000000000,0.500000000,118,120,4.043190,0.183132,1478,yes,yes
T006,Tiny,optimal,11,15,9,6,0,1,55,63,1,23,23,23,0,,23.000000000,0.500000000,28,128,4.530372,0.259214,1771,yes,yes
T007,Tiny,optimal,14,21,10,7,1,2,68,83,2,17,17,10,3,,17.000000000,0.500000000,28,57,5.583205,0.233596,2152,yes,yes
T008,Tiny,optimal,10,13,8,5,2,3,50,55,3,44,44,19,13,,44.000000000,0.500000000,85,98,4.880993,0.171976,1480,yes,yes
T009,Tiny,optimal,10,12,8,5,0,1,50,57,1,19,19,19,0,,19.000000000,0.500000000,36,44,3.908129,0.171885,1698,yes,yes
T010,Tiny,optimal,9,10,7,6,1,2,45,49,2,35,35,18,1,,35.000000000,0.500000000,46,109,3.602166,0.158075,1670,yes,yes
T011,Tiny,optimal,12,18,10,7,2,3,60,73,3,63,63,23,6,,63.000000000,0.500000000,66,124,4.946671,0.205635,2071,yes,yes
T012,Tiny,optimal,10,16,8,4,0,1,50,66,1,25,25,25,0,,25.000000000,0.500000000,71,82,4.006465,0.445161,1512,yes,yes
T013,Tiny,optimal,8,9,6,5,1,2,40,45,2,16,16,9,2,,16.000000000,0.500000000,19,41,3.294750,0.151054,1466,yes,yes
T014,Tiny,optimal,9,9,7,6,2,3,45,46,3,50,50,23,19,,50.000000000,0.500000000,53,67,3.600383,0.155020,1634,yes,yes
T015,Tiny,optimal,11,13,9,7,0,1,55,59,1,23,23,23,0,,23.000000000,0.500000000,35,78,4.641497,0.186226,2106,yes,yes
T016,Tiny,optimal,7,8,5,4,1,2,35,39,2,39,39,25,11,,39.000000000,0.500000000,62,62,3.047633,0.134349,1521,yes,yes
T017,Tiny,optimal,13,19,10,5,2,3,64,77,3,59,59,24,13,,59.000000000,0.500000000,79,138,4.204660,0.212976,1615,yes,yes
T018,Tiny,optimal,11,14,9,6,0,1,55,60,2,9,9,9,0,,9.000000000,0.500000000,9,9,4.166472,0.178696,1833,yes,yes
T019,Tiny,optimal,10,10,8,7,1,2,50,50,3,24,24,12,0,,24.000000000,0.500000000,24,28,3.736625,0.180388,1713,yes,yes
T020,Tiny,optimal,8,9,6,5,2,3,40,43,3,39,39,19,18,,39.000000000,0.500000000,50,50,3.093561,0.143844,1555,yes,yes
T021,Tiny,optimal,11,15,9,5,0,1,55,67,1,24,24,24,0,,24.000000000,0.500000000,38,66,4.102568,0.191444,1584,yes,yes
T022,Tiny,optimal,9,11,7,6,1,2,45,53,2,38,38,25,12,,38.000000000,0.500000000,50,64,3.783895,0.166477,1890,yes,yes
T023,Tiny,optimal,12,14,10,7,2,3,60,66,3,47,47,21,16,,47.000000000,0.500000000,74,127,4.960641,0.198175,2293,yes,yes
T024,Tiny,optimal,11,15,9,4,0,1,55,61,1,14,14,14,0,,14.000000000,0.500000000,40,17,3.799738,0.181970,1399,yes,yes
T025,Tiny,optimal,12,17,10,5,1,2,60,73,2,31,31,21,11,,31.000000000,0.500000000,53,80,4.125922,0.341877,1988,yes,yes
T026,Tiny,optimal,14,21,10,6,2,3,68,82,3,33,33,14,9,,33.000000000,0.500000000,62,82,5.038206,0.257983,1719,yes,yes
T027,Tiny,optimal,13,16,10,7,0,1,64,72,1,13,13,13,0,,13.000000000,0.500000000,22,40,4.539917,0.207628,2230,yes,yes
T028,Tiny,optimal,12,18,10,4,1,2,60,72,2,17,17,10,3,,17.000000000,0.500000000,38,34,4.057070,0.200117,1506,yes,yes
T029,Tiny,optimal,10,13,8,5,2,3,50,61,3,60,60,20,0,,60.000000000,0.500000000,95,95,3.877353,0.180197,1677,yes,yes
T030,Tiny,optimal,10,13,8,6,0,1,50,56,1,21,21,21,0,,21.000000000,0.500000000,22,36,4.013505,0.179206,2070,yes,yes
T031,Tiny,optimal,12,14,10,7,1,2,60,65,2,38,38,21,4,,38.000000000,0.500000000,53,115,4.545706,0.191284,2108,yes,yes
T032,Tiny,optimal,10,13,8,5,2,3,50,60,3,46,46,21,17,,46.000000000,0.500000000,97,97,3.731157,0.175361,1629,yes,yes
T033,Tiny,optimal,9,10,7,5,0,1,45,49,1,8,8,8,0,,8.000000000,0.500000000,8,8,3.346045,0.171094,1164,yes,yes
T034,Tiny,optimal,14,20,10,6,1,2,68,83,2,31,31,24,17,,31.000000000,0.500000000,56,55,5.128801,0.256741,1792,yes,yes
T035,Tiny,optimal,14,20,10,7,2,3,68,82,3,54,54,24,18,,54.000000000,0.500000000,75,104,5.081821,0.227407,2422,yes,yes
L000,Layered,optimal,32,75,7,4,0,1,137,223,1,20,20,20,0,,20.000000000,0.500000000,20,25,10.370298,0.518490,1638,no,yes
L001,Layered,optimal,48,110,8,5,1,2,202,331,2,24,24,14,4,,24.000000000,0.500000000,24,110,15.856178,0.685417,2246,no,yes
L002,Layered,optimal,64,151,9,6,2,3,267,455,3,38,38,18,16,,38.000000000,0.500000000,38,103,24.281531,0.953915,2853,no,yes
L003,Layered,optimal,80,185,10,7,3,4,332,564,4,73,73,24,23,,73.000000000,0.500000000,73,143,30.521721,1.359077,3458,no,yes
L004,Layered,optimal,96,248,7,5,0,1,393,730,1,14,14,14,0,,14.000000000,0.500000000,14,15,44.723104,1.540516,3506,no,yes
L005,Layered,optimal,128,327,8,6,1,2,522,929,2,30,30,18,6,,30.000000000,0.500000000,30,91,74.240655,1.960539,4562,no,yes
L006,Layered,optimal,160,428,10,8,2,3,652,1225,3,40,40,17,11,,40.000000000,0.500000000,40,116,103.464870,2.902967,5699,no,yes
L007,Layered,optimal,192,521,12,10,3,4,782,1470,4,63,63,21,21,,63.000000000,0.500000000,63,151,104.890065,3.253037,6836,no,yes
L008,Layered,optimal,224,615,14,8,0,1,912,1749,1,13,13,13,0,,13.000000000,0.500000000,13,14,142.812477,4.124831,7367,no,yes
L009,Layered,optimal,256,709,16,9,1,2,1042,2013,2,38,38,25,12,,38.000000000,0.500000000,53,175,176.996472,4.590752,8811,no,yes
L010,Layered,optimal,320,896,20,12,2,3,1302,2525,3,42,42,21,21,,42.000000000,0.500000000,42,211,387.519434,5.559910,10555,no,yes
L011,Layered,optimal,400,1134,25,14,3,4,1627,3195,4,75,75,24,21,,75.000000000,0.500000000,80,306,377.511293,9.363204,13870,no,yes
L012,Layered,optimal,500,1428,31,14,0,1,2033,4007,1,22,22,22,0,,22.000000000,0.500000000,22,27,544.587247,9.674756,15670,no,yes
L013,Layered,optimal,32,70,8,5,1,2,138,221,2,19,19,12,5,,19.000000000,0.500000000,19,77,10.482394,0.510818,1836,no,yes
L014,Layered,optimal,48,107,9,6,2,3,203,329,3,56,56,24,16,,56.000000000,0.500000000,76,113,14.779461,0.765506,2375,no,yes
L015,Layered,optimal,64,148,10,7,3,4,268,451,4,50,50,20,30,,50.000000000,0.500000000,50,129,23.181468,1.040253,3011,no,yes
L016,Layered,optimal,80,194,7,4,0,1,329,552,1,20,20,20,0,,20.000000000,0.500000000,38,20,27.158769,1.764037,2982,no,yes
L017,Layered,optimal,96,242,8,6,1,2,394,697,2,35,35,24,13,,35.000000000,0.500000000,35,117,40.611281,1.588297,3667,no,yes
L018,Layered,optimal,128,326,9,7,2,3,523,953,3,52,52,18,2,,52.000000000,0.500000000,52,116,60.546191,5.101369,4690,no,yes
L019,Layered,optimal,160,425,10,9,3,4,652,1224,4,81,81,24,15,,81.000000000,0.500000000,81,166,68.714653,2.719565,5850,no,yes
L020,Layered,optimal,192,521,12,7,0,1,782,1487,1,23,23,23,0,,23.000000000,0.500000000,23,26,95.214114,3.329871,6381,no,yes
L021,Layered,optimal,224,618,14,9,1,2,912,1745,2,41,41,22,3,,41.000000000,0.500000000,41,168,113.506947,6.734953,7520,no,yes
L022,Layered,optimal,256,713,16,10,2,3,1042,2021,3,49,49,25,26,,49.000000000,0.500000000,52,184,169.354297,5.640199,9101,no,yes
L023,Layered,optimal,320,894,20,13,3,4,1302,2553,4,61,61,21,23,,61.000000000,0.500000000,61,204,249.074951,7.314373,10705,no,yes
L024,Layered,optimal,400,1134,25,12,0,1,1627,3209,1,23,23,23,0,,23.000000000,0.500000000,33,23,347.382495,7.450225,13588,no,yes
L025,Layered,optimal,500,1425,31,14,1,2,2033,4017,2,44,44,25,6,,44.000000000,0.500000000,44,366,633.906364,11.410421,15747,no,yes
L026,Layered,optimal,32,70,9,6,2,3,139,222,3,37,37,18,17,,37.000000000,0.500000000,67,103,10.879254,0.536646,1956,no,yes
L027,Layered,optimal,48,108,10,7,3,4,204,331,4,62,62,23,30,,62.000000000,0.500000000,62,134,14.513035,0.722282,2563,no,yes
L028,Layered,optimal,64,151,7,4,0,1,265,440,1,19,19,19,0,,19.000000000,0.500000000,19,21,124.886122,0.982738,2534,no,yes
L029,Layered,optimal,80,190,8,5,1,2,330,566,2,27,27,18,9,,27.000000000,0.500000000,42,86,25.229877,1.210356,3142,no,yes
L030,Layered,optimal,96,243,9,7,2,3,395,708,3,45,45,19,12,,45.000000000,0.500000000,45,98,33.646056,1.508608,3824,no,yes
L031,Layered,optimal,128,325,10,8,3,4,524,939,4,60,60,19,16,,60.000000000,0.500000000,60,146,44.839165,2.095879,4879,no,yes
L032,Layered,optimal,160,429,10,6,0,1,652,1259,1,25,25,25,0,,25.000000000,0.500000000,25,29,64.966531,2.736200,5395,no,yes
L033,Layered,optimal,192,522,12,8,1,2,782,1501,2,35,35,24,13,,35.000000000,0.500000000,35,133,85.782549,3.250734,6535,no,yes
L034,Layered,optimal,224,615,14,10,2,3,912,1723,3,57,57,20,3,,57.000000000,0.500000000,57,170,103.576034,3.739769,7641,no,yes
L035,Layered,optimal,256,706,16,11,3,4,1042,2000,4,66,66,23,26,,66.000000000,0.500000000,66,178,124.153128,4.448371,8733,no,yes
L036,Layered,optimal,320,906,20,10,0,1,1302,2518,1,25,25,25,0,,25.000000000,0.500000000,43,26,182.811600,6.930373,10857,no,yes
L037,Layered,optimal,400,1123,25,13,1,2,1627,3147,2,32,32,21,10,,32.000000000,0.500000000,41,297,320.503048,8.216834,12830,no,yes
L038,Layered,optimal,500,1419,31,14,2,3,2033,3969,3,44,44,19,13,,44.000000000,0.500000000,60,351,679.132310,9.884737,16711,no,yes
L039,Layered,optimal,32,67,10,7,3,4,140,218,4,48,48,17,20,,48.000000000,0.500000000,52,106,11.572062,0.530377,2114,no,yes
L040,Layered,optimal,48,110,7,4,0,1,201,334,1,14,14,14,0,,14.000000000,0.500000000,14,14,14.771829,0.725857,2086,no,yes
L041,Layered,optimal,64,151,8,5,1,2,266,454,2,23,23,13,3,,23.000000000,0.500000000,23,58,20.165593,1.019873,2694,no,yes
L042,Layered,optimal,80,192,9,6,2,3,331,564,3,44,44,20,16,,44.000000000,0.500000000,59,120,25.238411,1.256475,3301,no,yes
L043,Layered,optimal,96,240,10,8,3,4,396,674,4,58,58,20,22,,58.000000000,0.500000000,58,128,34.911975,1.546024,3984,no,yes
L044,Layered,optimal,128,333,8,5,0,1,522,938,1,17,17,17,0,,17.000000000,0.500000000,17,17,44.910741,2.019066,4409,no,yes
L045,Layered,optimal,160,423,10,7,1,2,652,1207,2,25,25,17,9,,25.000000000,0.500000000,25,104,65.971784,2.801778,5548,no,yes
L046,Layered,optimal,192,520,12,9,2,3,782,1479,3,59,59,24,13,,59.000000000,0.500000000,59,167,85.694199,3.515466,6685,no,yes
L047,Layered,optimal,224,615,14,11,3,4,912,1745,4,45,45,20,35,,45.000000000,0.500000000,56,166,104.749936,4.164750,8418,no,yes
F000,Fan,optimal,7,9,5,3,0,1,35,40,1,2,2,2,0,,2.000000000,0.500000000,4,2,3.571480,0.146627,1020,yes,yes
F001,Fan,optimal,8,11,6,3,0,1,40,47,1,2,2,2,0,,2.000000000,0.500000000,5,2,3.120350,0.174058,1055,yes,yes
F002,Fan,optimal,9,13,7,3,0,1,45,54,1,3,3,3,0,,3.000000000,0.500000000,6,3,3.149293,0.188169,1238,yes,yes
F003,Fan,optimal,10,15,8,3,0,1,50,61,1,3,3,3,0,,3.000000000,0.500000000,7,3,3.425844,0.194779,1273,yes,yes
F004,Fan,optimal,11,17,9,3,0,1,55,68,1,4,4,4,0,,4.000000000,0.500000000,8,4,4.227683,0.190163,1456,yes,yes
F005,Fan,optimal,12,19,10,3,0,1,60,75,1,4,4,4,0,,4.000000000,0.500000000,9,4,4.019665,0.206567,1491,yes,yes
F006,Fan,optimal,13,21,11,3,0,1,65,82,1,5,5,5,0,,5.000000000,0.500000000,10,5,4.529141,0.218134,1674,yes,yes
F007,Fan,optimal,14,23,12,3,0,1,70,89,1,5,5,5,0,,5.000000000,0.500000000,11,5,4.467880,0.237462,1709,yes,yes
F008,Fan,optimal,15,25,13,3,0,1,75,96,1,6,6,6,0,,6.000000000,0.500000000,12,6,6.801091,0.285704,1892,no,yes
F009,Fan,optimal,16,27,14,3,0,1,80,103,1,6,6,6,0,,6.000000000,0.500000000,13,6,4.963535,0.267446,1927,no,yes
F010,Fan,optimal,17,29,15,3,0,1,85,110,1,7,7,7,0,,7.000000000,0.500000000,14,7,5.225934,0.281197,2110,no,yes
F011,Fan,optimal,18,31,16,3,0,1,90,117,1,7,7,7,0,,7.000000000,0.500000000,15,7,5.347906,0.291212,2145,no,yes
I000,Infeasible,infeasible,5,4,1,4,1,2,23,22,0,,,,,1,,,,,0.067570,0.064095,303,no,yes
I001,Infeasible,infeasible,7,6,2,6,2,3,32,31,0,,,,,2,,,,,0.079438,0.073109,373,no,yes
I002,Infeasible,infeasible,9,8,3,8,3,4,41,40,0,,,,,3,,,,,0.093278,0.089063,443,no,yes
I003,Infeasible,infeasible,8,7,4,7,4,5,38,37,0,,,,,4,,,,,0.092146,0.086268,429,no,yes
I004,Infeasible,infeasible,6,5,1,5,1,2,27,26,0,,,,,1,,,,,0.064175,0.061672,331,no,yes
I005,Infeasible,infeasible,8,7,2,7,2,3,36,35,0,,,,,2,,,,,0.167708,0.081911,401,no,yes
I006,Infeasible,infeasible,7,6,3,6,3,4,33,32,0,,,,,3,,,,,0.075452,0.071466,387,no,yes
I007,Infeasible,infeasible,9,8,4,8,4,5,42,41,0,,,,,4,,,,,0.092357,0.085076,457,no,yes
I008,Infeasible,infeasible,7,6,1,6,1,2,31,30,0,,,,,1,,,,,0.070314,0.088362,359,no,yes
I009,Infeasible,infeasible,6,5,2,5,2,3,28,27,0,,,,,2,,,,,0.063734,0.060049,345,no,yes
I010,Infeasible,infeasible,8,7,3,7,3,4,37,36,0,,,,,3,,,,,0.081862,0.076734,415,no,yes
I011,Infeasible,infeasible,10,9,4,9,4,5,46,45,0,,,,,4,,,,,0.099638,0.092428,485,no,yes
V000,Vacuous,vacuous,4,3,3,3,0,1,21,19,0,0,,,,,,,,,0.040109,0.047030,100,no,yes
V001,Vacuous,vacuous,5,4,4,4,1,2,26,24,0,0,,,,,,,,,0.045868,0.055082,100,no,yes
V002,Vacuous,vacuous,6,5,5,5,2,3,31,29,0,0,,,,,,,,,0.050996,0.062393,100,no,yes
V003,Vacuous,vacuous,7,6,6,6,0,1,36,34,0,0,,,,,,,,,0.060420,0.089944,100,no,yes
V004,Vacuous,vacuous,8,7,6,7,1,2,40,38,0,0,,,,,,,,,0.064235,0.077305,100,no,yes
V005,Vacuous,vacuous,4,3,3,3,2,3,21,19,0,0,,,,,,,,,0.039869,0.046078,100,no,yes
V006,Vacuous,vacuous,5,4,4,4,0,1,26,24,0,0,,,,,,,,,0.043184,0.052969,100,no,yes
V007,Vacuous,vacuous,6,5,5,5,1,2,31,29,0,0,,,,,,,,,0.073479,0.062302,100,no,yes
V008,Vacuous,vacuous,7,6,6,6,2,3,36,34,0,0,,,,,,,,,0.057846,0.069764,100,no,yes
V009,Vacuous,vacuous,8,7,6,7,0,1,40,38,0,0,,,,,,,,,0.063504,0.075091,100,no,yes
V010,Vacuous,vacuous,4,3,3,3,1,2,21,19,0,0,,,,,,,,,0.037726,0.045818,100,no,yes
V011,Vacuous,vacuous,5,4,4,4,2,3,26,24,0,0,,,,,,,,,0.042884,0.053139,100,no,yes
