claim_id,material_claim,maturity,proof_or_checker,source_or_test,experiment_or_result,manuscript_location,fresh_recheck
C1,Robustness to any f component losses is equivalent to at least k=f+1 selected visible components on every realization,proved,docs/proofs.md Lemma 1,direct set argument,not empirical,Sec. II-B / Lemma 1,2026-09-18
C2,The compiler gives a bijection between legal policy realizations and compiled source-sink paths and preserves observed component sets,proved,docs/proofs.md Lemma 2; producer_compile.py; checker_compile.py,tests: compiler equality and direct physical/compiled path oracle,36 tiny path families checked directly,Sec. III / Theorem 1,2026-09-18
C3,The compiled graph has linear size and one compiled monitor edge per component,proved,compiler construction and size count,all 120 compiler outputs; repeated-label assertion,max 2033 nodes and 4017 edges,Sec. III-C,2026-09-18
C4,"Every admitted instance has exactly one of vacuous, infeasible, or reachable feasible/optimal status; optimal acceptance independently requires sink reachability",proved_and_regression_checked,docs/proofs.md Theorem 2; src/checker.py,results/three-status-regression/; representative statuses; reachable-false-vacuity and exact Empty unreachable-false-optimal tests/controls,"96 optimal, 12 infeasible, 12 vacuous; both opposite status forgeries rejected",Sec. IV-A and IV-H / Theorems 2 and 5,2026-09-26
C5,The state-unique single-obligation problem reduces cost-preservingly to the established two-terminal k-hurdle problem,proved,docs/proofs.md Theorem 1,Dean et al. 2011 for hurdle optimizer; compiler proof here,all cases use compiled instance,Sec. III-D,2026-09-18
C6,The compact LP and threshold rounding yield an optimal placement for the compiled class,proved_prior_algorithm,docs/proofs.md Lemma 3; solver.py,Dean et al. 2011; exact checker closes every produced result,LP objective equals integer certificate cost on 96 retained optimal cases,Sec. IV-B,2026-09-18
C7,An integer potential plus flow/overflow witness with equal objectives proves optimality without trusting LP output,proved,docs/proofs.md Theorem 3; src/checker.py,exact integer checker; distinct h^S/h^X proof; malformed controls,all 96 optimal certificates accepted; relevant mutations rejected,Sec. IV-C / Theorem 3,2026-09-18
C8,The min-cost circulation producer can emit a matching integer lower-bound witness with capacity C+1,proved,docs/proofs.md Lemma 4; solver.py,integral min-cost circulation; explicit path-unit capacity-removal argument,matching witness on 96 optimal cases,Sec. IV-D,2026-09-18
C9,Allowing repeated monitor labels contains general minimum label s-t cut; hardness holds under separate short-path and low-frequency restrictions,literature_supported_boundary,docs/proofs.md Proposition 1; manuscript Proposition 3,Zhang and Fu 2016,"source rechecked: path-length-two and frequency-two hardness are separate; no simultaneous (2,2) claim",Sec. V-A / Proposition 3,2026-09-26
C10,"In the separately defined undirected explicit-path obligation model, host treewidth alone does not make arbitrary obligation incidence easy",proved_scope_limited,docs/proofs.md Proposition 2; manuscript Proposition 4,vertex-cover reduction on an undirected star with explicitly supplied leaf-center-leaf paths,constructive boundary; explicitly not embedded in the directed persistent-bit DAG language,Sec. V-B / Proposition 4,2026-09-26
C11,Producer and checker reconstruct the compiler independently enough to catch transition/compiler disagreement on retained cases,finite_checked,producer_compile.py; checker_compile.py,tests/test_contract.py; bounded exhaustive universe; fixed-seed differential campaign,120 retained structural comparisons plus 13720 exhaustive and 200 differential comparisons,Sec. VI-B,2026-09-19
C12,"Direct semantics, compiled paths, and brute-force placement agree on all admitted oracle cases",finite_checked,oracle.py; tests/test_contract.py,exact oracle flags; results/exhaustive; results/fuzz,44 retained exact-oracle cases plus all 13720 exhaustive cases and 200 fixed-seed differential cases,Sec. VI-C,2026-09-19
C13,"Malformed certificates, opposite false status declarations, and out-of-class or over-bound objects are rejected by exercised contracts",finite_checked,controls.py; checker.py,src/controls.py; src/checker.py; src/model.py; tests/test_contract.py; results/three-status-regression/,21/21 controls rejected; 24/24 contract tests pass; cost 10^6 and certificate integer 10^18 boundaries accepted while first over-bound values reject,Sec. VI-C,2026-09-26
C14,The path-repair and degree baselines are often more expensive on the retained generators,measured,analyze.py,results/derived/baselines.csv,repair worse 58/96; degree worse 78/96,Sec. VI-D,2026-09-18
C15,Runtime and memory fit the stated environment limits,measured_environment_specific,run.py resource guards,results/campaign/resources.json; docs/intake.md,7.51 s wall; 410016 KiB peak RSS,Sec. VI-E,2026-09-18
C16,"The certificate proves only the supplied bounded model, not deployed BGP visibility",scope_limit,README; docs/model.md,anchor paper and RFC interface distinctions,no live or third-party experiment,Sec. VII-C,2026-09-18
C17,An admitted O(q)-size diamond-chain instance can have 2^q distinct realization observation sets while the compiled graph and an optimal k=1 certificate stay linear,proved,docs/proofs.md Proposition 3,constructive diamond-chain argument,not empirical,Sec. III-D / Proposition 1,2026-09-18
C18,The path-LP dual is exactly the flow/overflow lower-bound form and every feasible admitted instance has a matching integer witness,proved,docs/proofs.md Lemma 5 and Lemma 4; checker.py,"LP strong duality, flow decomposition, integral circulation",matching integer equality on 96 optimal cases,Sec. IV-C / Theorem 4,2026-09-18
C19,Optimal certificates have linear entry count; checker main work is linear in reconstructed graph plus certificate representation under unit-cost bounded-integer operations,proved,docs/proofs.md Proposition 4; checker.py; checker_compile.py; dag.py; model.py,representation count; deque-based topological scans; adjacent-order checks; no checker-path pop(0) or queue/adjacency sorting,median 2129.5 bytes; max 16711 bytes; certificate integers capped at 10^18; production time excluded,Sec. IV-H,2026-09-26
C20,Increasing the hurdle or enlarging the semantic realization family can only shrink feasible placements and cannot lower the optimum,proved,docs/proofs.md Proposition 5; set-inclusion argument,direct monotonicity proof,not empirical,Sec. IV-I--J,2026-09-18
C21,"Clean replay supports both fixed-environment strict object replication and semantic status/optimum revalidation, with floating diagnostics treated explicitly",finite_reproduced,run.py compare; analyze.py; audit.py; docs/reproduction.md; docs/environment.md,"strict and semantic clean standalone commands, controls, exhaustive/fuzz, ledger, and reference audits",strict: exact 120 certificates and non-runtime rows including lp_objective/rounding_alpha; semantic: valid certificates and retained status/cost with diagnostics/witness identity excluded; 21 controls,Sec. VI-G and supplement Sec. VIII,2026-09-26
C22,"A fixed-seed 200-model small-instance campaign finds agreement among independent compiler construction, direct and compiled path semantics, brute-force status/cost, and certificate checking",finite_checked,fuzz.py; src/fuzz_cases.py; src/oracle.py; src/checker.py,results/fuzz/cases.csv and summary.json; seed 20260918,200/200 cases satisfy all four checks; 192 random and 8 targeted,Sec. VI-C and supplement Sec. VII,2026-09-18
C23,The documented certificate-checking acceptance path uses only standard-library Python and does not import producer solver packages,finite_checked,run.py lazy imports; tests/test_contract.py checker-only subprocess,python3 -S run.py check on retained example,example accepted with cost and dual value 12 while site packages are disabled,Sec. VI-E and supplement Sec. VIII,2026-09-26
C24,The manuscript bibliography contains 58 unique actually cited entries and every key has a canonical source-audit record,finite_checked,paper/check_references.py; docs/reference-audit.csv,exact key-set equality and required metadata/source fields,58 bibliography keys; 58 citations resolved; 58 source-audit rows; ROV++ author order repaired from official record,Sec. VI-E and artifact documentation,2026-09-19
C25,"Every model in the declared 13720-case three-vertex universe agrees across producer/checker compilation, direct/compiled path semantics, and complete subset classification",finite_exhaustive_within_declared_universe,exhaustive.py; src/exhaustive_cases.py; src/oracle.py; tests/test_contract.py,results/exhaustive/cases.csv and summary.json,"13720/13720 cases checked; 1640 optimal, 8500 infeasible, 3580 vacuous",Sec. VI-C and supplement Sec. VI,2026-09-19
