name,scholarly_or_official_url,license_or_access,access_date,resource_type,acquisition_method,integration_mode,supported_claim,internals_modified
Global BGP Attacks that Evade Route Monitoring,https://arxiv.org/abs/2408.09622,public preprint; publisher version cited,2026-09-18,scholarly paper,web full-text reading,background citation only,monitoring visibility can depend on export behavior and vantage points,no
Approximation Algorithms for k-Hurdle Problems,https://doi.org/10.1007/s00453-010-9408-y,publisher metadata / author-accessible copy,2026-09-18,scholarly paper,web full-text reading,algorithm attribution,two-terminal k-hurdle LP rounding and flow formulation are prior work,no
The Label Cut Problem with Respect to Path Length and Label Frequency,https://doi.org/10.1016/j.tcs.2016.08.006,publisher metadata / accessible excerpts,2026-09-18,scholarly paper,targeted reading,hardness boundary citation,repeated labels contain minimum label cut; path-length-two and frequency-two hardness are separate,no
Certifying Algorithms,https://doi.org/10.1016/j.cosrev.2010.09.009,publisher metadata / accessible article,2026-09-18,scholarly paper,targeted reading,design principle citation,producer/checker separation and efficiently checkable witnesses,no
Proof-Carrying Code,https://doi.org/10.1145/263699.263712,publisher metadata / accessible paper,2026-09-18,scholarly paper,targeted reading,design context citation,small trusted checker and explicit evidence,no
DRAT-trim: Efficient Checking and Trimming Using Expressive Clausal Proofs,https://doi.org/10.1007/978-3-319-09284-3_31,publisher metadata,2026-09-18,scholarly paper,targeted reading,design context citation,independent checking of solver-produced evidence,no
BGP-4,https://www.rfc-editor.org/rfc/rfc4271,IETF RFC,2026-09-18,standard,official web text,model background,BGP protocol baseline,no
BGP Communities Attribute,https://www.rfc-editor.org/rfc/rfc1997,IETF RFC,2026-09-18,standard,official web text,model background,NO_EXPORT and community semantics motivate a persistent restriction bit,no
BGP Monitoring Protocol,https://www.rfc-editor.org/rfc/rfc7854,IETF RFC,2026-09-18,standard,official web text,interface distinction,monitoring interfaces are explicit and configurable,no
Support for Local RIB in BMP,https://www.rfc-editor.org/rfc/rfc9069,IETF RFC,2026-09-18,standard,official web text,interface distinction,local-RIB exposure is not identical to export visibility,no
An Infrastructure to Support Secure Internet Routing,https://www.rfc-editor.org/rfc/rfc6480,IETF RFC,2026-09-18,standard,official web text,routing-security background,RPKI is a separate protection mechanism,no
Origin Validation Operation Based on RPKI,https://www.rfc-editor.org/rfc/rfc7115,IETF RFC,2026-09-18,standard,official web text,routing-security background,origin validation does not replace the modelled visibility obligation,no
Stable Internet Routing without Global Coordination,https://doi.org/10.1109/90.974523,publisher metadata,2026-09-18,scholarly paper,targeted reading,routing-policy background,commercial-policy abstraction and its limits,no
On the Impact of Route Monitor Selection,https://doi.org/10.1145/1298306.1298336,publisher metadata,2026-09-18,scholarly paper,targeted reading,related work citation,monitor selection changes observed routing events,no
ARTEMIS: Neutralizing BGP Hijacking within a Minute,https://doi.org/10.1109/TNET.2018.2869798,publisher metadata / author copy,2026-09-18,scholarly paper,targeted reading,related work citation,detection depends on monitored control-plane data,no
A General Approach to Network Configuration Verification,https://doi.org/10.1145/3098822.3098834,publisher metadata / author copy,2026-09-18,scholarly paper,targeted reading,adjacent verification comparison,formal network models and counterexample-oriented verification,no
A General Approach to Network Configuration Analysis,https://www.usenix.org/conference/nsdi15/technical-sessions/presentation/fogel,public proceedings,2026-09-18,scholarly paper,targeted reading,adjacent verification comparison,configuration analysis is model-relative,no
IEEE submission and peer-review policies,https://journals.ieeeauthorcenter.ieee.org/become-an-ieee-journal-author/publishing-ethics/guidelines-and-policies/submission-and-peer-review-policies/,official policy page,2026-09-18,workflow policy,official web page,external-use hold only,AI-generated content must be disclosed; human authors retain responsibility,no
IEEE journal template selector,https://template-selector.ieee.org/,official publisher tool,2026-09-18,workflow source,supplied template inspected structurally,paper formatting,current IEEE journal family used from supplied package,no
IEEE TDSC Author Information,https://www.computer.org/csdl/journal/tq/write-for-us/15068?title=Author%20Information&periodical=IEEE%20Transactions%20on%20Dependable%20and%20Secure%20Computing,official page shell accessible; substantive body unavailable in this environment,2026-09-18,workflow source,official web retrieval attempt,submission-readiness hold only,"live TDSC-specific length, anonymity, supplement, and submission rules require human recheck before external use",no
Automated Security Test Generation with Formal Threat Models,https://doi.org/10.1109/TDSC.2012.24,publisher metadata / accessible author copy,2026-09-18,TDSC calibration paper,web targeted full-text reading,narrative calibration only,"formal model, generated validation, and claim boundary are separated",no
Exact Inference Techniques for the Analysis of Bayesian Attack Graphs,https://doi.org/10.1109/TDSC.2016.2627033,publisher metadata / public preprint,2026-09-18,TDSC calibration paper,web targeted full-text reading,narrative calibration only,exact inference is distinguished from model fidelity and synthetic scaling,no
VMGuard: State-Based Proactive Verification of Virtual Network Isolation With Application to NFV,https://doi.org/10.1109/TDSC.2020.3041430,publisher metadata / author-accessible copy,2026-09-18,TDSC calibration paper,web targeted full-text reading,narrative calibration only,"finite-state verifier, scaling evidence, and isolation scope are separated",no
ProSAS: Proactive Security Auditing System for Clouds,https://doi.org/10.1109/TDSC.2021.3062204,publisher metadata / author-accessible copy,2026-09-18,TDSC calibration paper,web targeted full-text reading,narrative calibration only,"policy audit, intervention, prototype, and cloud assumptions are separated",no
Caught-in-Translation: Detecting Cross-Level Inconsistency Attacks in NFV,https://mengyuanzhang.github.io/papers/CIT-tdsc.pdf,author-hosted full text; publisher DOI verified; not redistributed,2026-09-18,TDSC calibration paper,author-copy full-text targeted pass plus publisher metadata,narrative calibration only,cross-level observation and detection boundaries are explicit,no
Sliver: A Scalable Slicing-Based Verification for Information Flow Security,https://doi.org/10.1109/TDSC.2024.3403653,publisher metadata / accessible publisher PDF,2026-09-18,TDSC calibration paper,web targeted full-text reading,narrative calibration only,"reduction, consistency checks, scalability, and limits are separated",no
Cross-Level Security Verification for Network Functions Virtualization (NFV),https://arc.encs.concordia.ca/papers/oqaily2025tdsc.pdf,author-hosted full text; publisher DOI verified; not redistributed,2026-09-18,TDSC calibration paper,author-copy full-text targeted pass plus publisher metadata,narrative calibration only,"cross-level model, verifier, evaluation, and scope are separated",no
