case,family,physical_nodes,compiled_edges,certificate_kib
T000,Tiny,9,49,1.044922
T001,Tiny,8,42,1.557617
T002,Tiny,13,72,1.722656
T003,Tiny,15,83,1.840820
T004,Tiny,8,45,1.406250
T005,Tiny,11,60,1.443359
T006,Tiny,11,63,1.729492
T007,Tiny,14,83,2.101562
T008,Tiny,10,55,1.445312
T009,Tiny,10,57,1.658203
T010,Tiny,9,49,1.630859
T011,Tiny,12,73,2.022461
T012,Tiny,10,66,1.476562
T013,Tiny,8,45,1.431641
T014,Tiny,9,46,1.595703
T015,Tiny,11,59,2.056641
T016,Tiny,7,39,1.485352
T017,Tiny,13,77,1.577148
T018,Tiny,11,60,1.790039
T019,Tiny,10,50,1.672852
T020,Tiny,8,43,1.518555
T021,Tiny,11,67,1.546875
T022,Tiny,9,53,1.845703
T023,Tiny,12,66,2.239258
T024,Tiny,11,61,1.366211
T025,Tiny,12,73,1.941406
T026,Tiny,14,82,1.678711
T027,Tiny,13,72,2.177734
T028,Tiny,12,72,1.470703
T029,Tiny,10,61,1.637695
T030,Tiny,10,56,2.021484
T031,Tiny,12,65,2.058594
T032,Tiny,10,60,1.590820
T033,Tiny,9,49,1.136719
T034,Tiny,14,83,1.750000
T035,Tiny,14,82,2.365234
L000,Layered,32,223,1.599609
L001,Layered,48,331,2.193359
L002,Layered,64,455,2.786133
L003,Layered,80,564,3.376953
L004,Layered,96,730,3.423828
L005,Layered,128,929,4.455078
L006,Layered,160,1225,5.565430
L007,Layered,192,1470,6.675781
L008,Layered,224,1749,7.194336
L009,Layered,256,2013,8.604492
L010,Layered,320,2525,10.307617
L011,Layered,400,3195,13.544922
L012,Layered,500,4007,15.302734
L013,Layered,32,221,1.792969
L014,Layered,48,329,2.319336
L015,Layered,64,451,2.940430
L016,Layered,80,552,2.912109
L017,Layered,96,697,3.581055
L018,Layered,128,953,4.580078
L019,Layered,160,1224,5.712891
L020,Layered,192,1487,6.231445
L021,Layered,224,1745,7.343750
L022,Layered,256,2021,8.887695
L023,Layered,320,2553,10.454102
L024,Layered,400,3209,13.269531
L025,Layered,500,4017,15.377930
L026,Layered,32,222,1.910156
L027,Layered,48,331,2.502930
L028,Layered,64,440,2.474609
L029,Layered,80,566,3.068359
L030,Layered,96,708,3.734375
L031,Layered,128,939,4.764648
L032,Layered,160,1259,5.268555
L033,Layered,192,1501,6.381836
L034,Layered,224,1723,7.461914
L035,Layered,256,2000,8.528320
L036,Layered,320,2518,10.602539
L037,Layered,400,3147,12.529297
L038,Layered,500,3969,16.319336
L039,Layered,32,218,2.064453
L040,Layered,48,334,2.037109
L041,Layered,64,454,2.630859
L042,Layered,80,564,3.223633
L043,Layered,96,674,3.890625
L044,Layered,128,938,4.305664
L045,Layered,160,1207,5.417969
L046,Layered,192,1479,6.528320
L047,Layered,224,1745,8.220703
F000,Fan,7,40,0.996094
F001,Fan,8,47,1.030273
F002,Fan,9,54,1.208984
F003,Fan,10,61,1.243164
F004,Fan,11,68,1.421875
F005,Fan,12,75,1.456055
F006,Fan,13,82,1.634766
F007,Fan,14,89,1.668945
F008,Fan,15,96,1.847656
F009,Fan,16,103,1.881836
F010,Fan,17,110,2.060547
F011,Fan,18,117,2.094727
