key,title,publication,year,canonical_identifier,verification_source,verification_level,manuscript_role,cited,last_checked
birgelee,Global BGP Attacks that Evade Route Monitoring,"Passive and Active Measurement (PAM), LNCS 15567",2025,doi:10.1007/978-3-031-85960-1_14,https://link.springer.com/chapter/10.1007/978-3-031-85960-1_14,publisher record + full-text technical pass,motivating visibility result,yes,2026-09-18
rfc4271,A Border Gateway Protocol 4 (BGP-4),RFC 4271,2006,RFC 4271,https://www.rfc-editor.org/rfc/rfc4271,official standard full text,protocol background,yes,2026-09-18
rfc1997,BGP Communities Attribute,RFC 1997,1996,RFC 1997,https://www.rfc-editor.org/rfc/rfc1997,official standard full text,community and NO_EXPORT semantics,yes,2026-09-18
rfc7854,BGP Monitoring Protocol (BMP),RFC 7854,2016,RFC 7854,https://www.rfc-editor.org/rfc/rfc7854,official standard full text,monitoring-interface background,yes,2026-09-18
rfc9069,Support for Local RIB in the BGP Monitoring Protocol (BMP),RFC 9069,2022,RFC 9069,https://www.rfc-editor.org/rfc/rfc9069,official standard full text,local-RIB interface distinction,yes,2026-09-18
rfc7454,BGP Operations and Security,RFC 7454,2015,RFC 7454,https://www.rfc-editor.org/rfc/rfc7454,official standard full text,operational scope boundary,yes,2026-09-18
rfc6480,An Infrastructure to Support Secure Internet Routing,RFC 6480,2012,RFC 6480,https://www.rfc-editor.org/rfc/rfc6480,official standard full text,RPKI background,yes,2026-09-18
rfc7115,Origin Validation Operation Based on the Resource Public Key Infrastructure (RPKI),RFC 7115,2014,RFC 7115,https://www.rfc-editor.org/rfc/rfc7115,official standard full text,ROV background,yes,2026-09-18
rfc8205,BGPsec Protocol Specification,RFC 8205,2017,RFC 8205,https://www.rfc-editor.org/rfc/rfc8205,official standard full text,path-security background,yes,2026-09-18
gao,Stable Internet Routing without Global Coordination,IEEE/ACM Transactions on Networking 9(6),2001,doi:10.1109/90.974523,https://doi.org/10.1109/90.974523,canonical DOI metadata,commercial-policy background,yes,2026-09-18
zhangmonitor,On the Impact of Route Monitor Selection,ACM Internet Measurement Conference (IMC),2007,doi:10.1145/1298306.1298336,https://doi.org/10.1145/1298306.1298336,canonical DOI metadata,route-monitor selection,yes,2026-09-18
milolidakis,Poster: Smart BGP Hijacks that Evade Public Route Collectors,ACM Internet Measurement Conference (IMC) poster,2021,IMC 2021 accepted poster,https://conferences.sigcomm.org/imc/2021/posters/,official conference record + poster full text,collector blind spots,yes,2026-09-18
rovpp,ROV++: Improved Deployable Defense against BGP Hijacking,Network and Distributed System Security Symposium (NDSS),2021,doi:10.14722/ndss.2021.24438,https://www.ndss-symposium.org/ndss-paper/rov-improved-deployable-defense-against-bgp-hijacking/,official NDSS record + full text; author order rechecked,ROV defense comparison,yes,2026-09-19
artemis,ARTEMIS: Neutralizing BGP Hijacking within a Minute,IEEE/ACM Transactions on Networking 26(6),2018,doi:10.1109/TNET.2018.2869798,https://doi.org/10.1109/TNET.2018.2869798,canonical DOI metadata,monitored-data detector,yes,2026-09-18
phas,PHAS: A Prefix Hijack Alert System,15th USENIX Security Symposium,2006,"USENIX Security 2006, pp.153-166",https://www.usenix.org/conference/15th-usenix-security-symposium/phas-prefix-hijack-alert-system,official proceedings record + full text,monitored-data detector,yes,2026-09-18
forgedorigin,A System to Detect Forged-Origin BGP Hijacks,21st USENIX Symposium on Networked Systems Design and Implementation (NSDI),2024,"NSDI 2024, pp.1751-1770",https://www.usenix.org/conference/nsdi24/presentation/holterbach,official proceedings record + full text,forged-origin detection,yes,2026-09-18
maxlength,MaxLength Considered Harmful to the RPKI,ACM CoNEXT,2017,doi:10.1145/3143361.3143363,https://doi.org/10.1145/3143361.3143363,canonical DOI metadata,RPKI limitation,yes,2026-09-18
communities,BGP Communities: Even More Worms in the Routing Can,ACM Internet Measurement Conference (IMC),2018,doi:10.1145/3278532.3278557,https://doi.org/10.1145/3278532.3278557,canonical DOI metadata,community heterogeneity,yes,2026-09-18
communityintent,Coarse-Grained Inference of BGP Community Intent,ACM Internet Measurement Conference (IMC),2023,doi:10.1145/3618257.3624838,https://doi.org/10.1145/3618257.3624838,canonical DOI metadata,community intent,yes,2026-09-18
sico,SICO: Surgical Interception Attacks by Manipulating BGP Communities,ACM Conference on Computer and Communications Security (CCS),2019,doi:10.1145/3319535.3363197,https://doi.org/10.1145/3319535.3363197,canonical DOI metadata + full-text targeted pass,community-driven routing behavior,yes,2026-09-18
bamboozling,Bamboozling Certificate Authorities with BGP,27th USENIX Security Symposium,2018,"USENIX Security 2018, pp.833-849",https://www.usenix.org/conference/usenixsecurity18/presentation/birge-lee,official proceedings record + full text,application impact of routing attacks,yes,2026-09-18
bitcoin,Hijacking Bitcoin: Routing Attacks on Cryptocurrencies,IEEE Symposium on Security and Privacy,2017,doi:10.1109/SP.2017.29,https://doi.org/10.1109/SP.2017.29,canonical DOI metadata + author preprint,application impact of routing attacks,yes,2026-09-18
raptor,RAPTOR: Routing Attacks on Privacy in Tor,24th USENIX Security Symposium,2015,USENIX Security 2015,https://www.usenix.org/conference/usenixsecurity15/technical-sessions/presentation/sun,official proceedings record + full text,application impact of routing attacks,yes,2026-09-18
secureapps,Securing Internet Applications from Routing Attacks,Communications of the ACM 64(6),2021,doi:10.1145/3429775,https://dl.acm.org/doi/10.1145/3429775,publisher record + full text,routing-security synthesis,yes,2026-09-18
blackholing,A Taxonomy of Attacks Using BGP Blackholing,Computer Security - ESORICS 2019,2019,doi:10.1007/978-3-030-29959-0_6,https://link.springer.com/chapter/10.1007/978-3-030-29959-0_6,publisher record + targeted technical pass,blackholing behavior,yes,2026-09-18
rovista,RoVista: Measuring and Analyzing the Route Origin Validation (ROV) in RPKI,ACM Internet Measurement Conference (IMC),2023,doi:10.1145/3618257.3624806,https://dl.acm.org/doi/10.1145/3618257.3624806,publisher record + full text,ROV deployment measurement,yes,2026-09-18
dean,Approximation Algorithms for k-Hurdle Problems,Algorithmica 59(1),2011,doi:10.1007/s00453-010-9408-y,https://link.springer.com/article/10.1007/s00453-010-9408-y,publisher record + full technical pass,closest optimization theorem and attribution,yes,2026-09-18
ford,Maximal Flow Through a Network,Canadian Journal of Mathematics 8,1956,doi:10.4153/CJM-1956-045-5,https://doi.org/10.4153/CJM-1956-045-5,canonical DOI metadata,network-flow foundation,yes,2026-09-18
edmondskarp,Theoretical Improvements in Algorithmic Efficiency for Network Flow Problems,Journal of the ACM 19(2),1972,doi:10.1145/321694.321699,https://dl.acm.org/doi/10.1145/321694.321699,publisher record,network-flow foundation,yes,2026-09-18
goldberg,A New Approach to the Maximum-Flow Problem,Journal of the ACM 35(4),1988,doi:10.1145/48014.61051,https://dl.acm.org/doi/10.1145/48014.61051,publisher record,network-flow foundation,yes,2026-09-18
chvatal,A Greedy Heuristic for the Set-Covering Problem,Mathematics of Operations Research 4(3),1979,doi:10.1287/moor.4.3.233,https://doi.org/10.1287/moor.4.3.233,canonical DOI metadata,greedy-baseline context,yes,2026-09-18
zhangfu,The Label Cut Problem with Respect to Path Length and Label Frequency,Theoretical Computer Science 648,2016,doi:10.1016/j.tcs.2016.08.006,https://doi.org/10.1016/j.tcs.2016.08.006,publisher metadata + targeted theorem recheck,repeated-label hardness boundary with separate path-length and frequency restrictions,yes,2026-09-19
mcconnell,Certifying Algorithms,Computer Science Review 5(2),2011,doi:10.1016/j.cosrev.2010.09.009,https://doi.org/10.1016/j.cosrev.2010.09.009,publisher record + targeted technical pass,producer/checker design principle,yes,2026-09-18
pcc,Proof-Carrying Code,ACM Symposium on Principles of Programming Languages (POPL),1997,doi:10.1145/263699.263712,https://dl.acm.org/doi/10.1145/263699.263712,publisher record + targeted technical pass,proof-carrying evidence context,yes,2026-09-18
drat,DRAT-trim: Efficient Checking and Trimming Using Expressive Clausal Proofs,"SAT 2014, LNCS 8561",2014,doi:10.1007/978-3-319-09284-3_31,https://link.springer.com/chapter/10.1007/978-3-319-09284-3_31,publisher record + targeted technical pass,independent proof checking context,yes,2026-09-18
exactlp,Verifying Integer Programming Results,"IPCO 2017, LNCS 10328",2017,doi:10.1007/978-3-319-59250-3_13,https://link.springer.com/chapter/10.1007/978-3-319-59250-3_13,publisher record + full-text targeted pass,exact optimization certificates,yes,2026-09-18
hsa,Header Space Analysis: Static Checking for Networks,9th USENIX Symposium on Networked Systems Design and Implementation (NSDI),2012,"USENIX NSDI 2012, pp.113-126",https://www.usenix.org/conference/nsdi12/technical-sessions/presentation/kazemian,official proceedings record + full text,network-verification comparison,yes,2026-09-18
veriflow,VeriFlow: Verifying Network-Wide Invariants in Real Time,10th USENIX Symposium on Networked Systems Design and Implementation (NSDI),2013,USENIX NSDI 2013,https://www.usenix.org/conference/nsdi13/technical-sessions/presentation/khurshid,official proceedings record + full text,network-verification comparison,yes,2026-09-18
batfish,A General Approach to Network Configuration Analysis,12th USENIX Symposium on Networked Systems Design and Implementation (NSDI),2015,USENIX NSDI 2015,https://www.usenix.org/conference/nsdi15/technical-sessions/presentation/fogel,official proceedings record + full text,network-configuration analysis comparison,yes,2026-09-18
minesweeper,A General Approach to Network Configuration Verification,ACM SIGCOMM,2017,doi:10.1145/3098822.3098834,https://dl.acm.org/doi/10.1145/3098822.3098834,publisher record + full text,network-configuration verification comparison,yes,2026-09-18
plankton,Plankton: Scalable Network Configuration Verification through Model Checking,17th USENIX Symposium on Networked Systems Design and Implementation (NSDI),2020,USENIX NSDI 2020,https://www.usenix.org/conference/nsdi20/presentation/prabhu,official proceedings record + full text,network model-checking comparison,yes,2026-09-18
netcomplete,NetComplete: Practical Network-Wide Configuration Synthesis with Autocompletion,15th USENIX Symposium on Networked Systems Design and Implementation (NSDI),2018,USENIX NSDI 2018,https://www.usenix.org/conference/nsdi18/presentation/el-hassany,official proceedings record + full text; title and pages rechecked,network synthesis comparison,yes,2026-09-19
propane,Don't Mind the Gap: Bridging Network-Wide Objectives and Device-Level Configurations,ACM SIGCOMM,2016,doi:10.1145/2934872.2934909,https://dl.acm.org/doi/10.1145/2934872.2934909,publisher record + targeted technical pass,network policy language comparison,yes,2026-09-18
avizienis,Basic Concepts and Taxonomy of Dependable and Secure Computing,IEEE Transactions on Dependable and Secure Computing 1(1),2004,doi:10.1109/TDSC.2004.2,https://doi.org/10.1109/TDSC.2004.2,publisher record + full technical pass,dependability terminology,yes,2026-09-18
blanchet,A Computationally Sound Mechanized Prover for Security Protocols,IEEE Transactions on Dependable and Secure Computing 5(4),2008,doi:10.1109/TDSC.2007.1005,https://doi.org/10.1109/TDSC.2007.1005,publisher record + targeted technical pass,formal-soundness calibration,yes,2026-09-18
provenance,Data-Provenance Verification for Secure Hosts,IEEE Transactions on Dependable and Secure Computing 9(2),2012,doi:10.1109/TDSC.2011.50,https://doi.org/10.1109/TDSC.2011.50,publisher record + targeted technical pass,evidence-generation/checking separation,yes,2026-09-18
bayesattack,Dynamic Security Risk Management Using Bayesian Attack Graphs,IEEE Transactions on Dependable and Secure Computing 9(1),2012,doi:10.1109/TDSC.2011.34,https://doi.org/10.1109/TDSC.2011.34,publisher record + targeted technical pass,model-relative attack-graph reasoning,yes,2026-09-18
kzeroday,k-Zero Day Safety: A Network Security Metric for Measuring the Risk of Unknown Vulnerabilities,IEEE Transactions on Dependable and Secure Computing 11(1),2014,doi:10.1109/TDSC.2013.24,https://doi.org/10.1109/TDSC.2013.24,publisher record + targeted technical pass,model-relative metric calibration,yes,2026-09-18
sheyner,Automated Generation and Analysis of Attack Graphs,IEEE Symposium on Security and Privacy,2002,doi:10.1109/SECPRI.2002.1004377,https://doi.org/10.1109/SECPRI.2002.1004377,canonical DOI metadata,attack-graph background,yes,2026-09-18
mulval,MulVAL: A Logic-Based Network Security Analyzer,14th USENIX Security Symposium,2005,"USENIX Security 2005, pp.113-128",https://www.usenix.org/conference/14th-usenix-security-symposium/mulval-logic-based-network-security-analyzer,official proceedings record + full text,attack-graph background,yes,2026-09-18
ingols,Practical Attack Graph Generation for Network Defense,22nd Annual Computer Security Applications Conference (ACSAC),2006,doi:10.1109/ACSAC.2006.39,https://ieeexplore.ieee.org/document/4041160/,publisher record + full text,attack-graph background,yes,2026-09-18
noel,Managing Attack Graph Complexity through Visual Hierarchical Aggregation,ACM Workshop on Visualization and Data Mining for Computer Security,2004,doi:10.1145/1029208.1029225,https://dl.acm.org/doi/10.1145/1029208.1029225,publisher record,attack-graph background,yes,2026-09-18
phillips,A Graph-Based System for Network-Vulnerability Analysis,New Security Paradigms Workshop,1998,doi:10.1145/310889.310919,https://dl.acm.org/doi/10.1145/310889.310919,publisher record + archival full text,attack-graph background,yes,2026-09-18
bottleneck,Bottleneck Extrema,Journal of Combinatorial Theory 8,1970,PII:S0021-9800(70)80083-7,https://www.sciencedirect.com/science/article/pii/S0021980070800837,publisher record,combinatorial optimization foundation,yes,2026-09-18
antichain,Antichains: A New Algorithm for Checking Universality of Finite Automata,"Computer Aided Verification (CAV), LNCS 4144",2006,doi:10.1007/11817963_5,https://link.springer.com/chapter/10.1007/11817963_5,publisher record,compact state-space context,yes,2026-09-18
treemulticut,Primal-Dual Approximation Algorithms for Integral Flow and Multicut in Trees,Algorithmica 18(1),1997,doi:10.1007/BF02523685,https://link.springer.com/article/10.1007/BF02523685,publisher record,flow/multicut context,yes,2026-09-18
ahuja,"Network Flows: Theory, Algorithms, and Applications",Prentice Hall,1993,ISBN:9780136175490,https://www.pearson.com/en-us/subject-catalog/p/network-flows-theory-algorithms-and-applications/P200000003456/9780136175490,publisher catalog record,network-flow textbook,yes,2026-09-18
schrijver,Combinatorial Optimization: Polyhedra and Efficiency,Springer,2003,ISBN:9783540443896,https://link.springer.com/book/9783540443896,publisher catalog record,combinatorial-optimization textbook,yes,2026-09-18
